,book_id,user_id,score,time
0,0,80961061,4.0,1999-10-23
1,1,62412208,5.0,2004-09-21
2,1,64186558,5.0,2004-03-09
3,1,97304933,4.0,2004-07-25
4,1,78312342,4.0,2005-02-10
5,1,42658671,4.0,2005-09-20
6,2,93137224,5.0,2010-12-08
7,1,87167592,5.0,2004-11-11
8,1,17047067,5.0,2009-01-06
9,1,77103701,5.0,2008-05-04
10,1,10024484,4.0,2004-02-10
11,2,89733956,5.0,2001-06-02
12,6,90673289,3.0,2011-08-15
13,2,95218668,5.0,2009-07-23
14,2,259580,5.0,2008-09-28
15,3,18199808,1.0,2005-05-26
16,3,62584937,4.0,2005-06-24
17,3,81541599,1.0,2005-06-20
18,3,10913443,5.0,2005-05-13
19,3,44565517,5.0,2005-05-26
20,3,52413342,5.0,2005-10-23
21,3,37928888,5.0,2005-06-07
22,3,17440470,5.0,2005-06-11
23,46,30330430,5.0,2003-05-17
24,3,45456114,5.0,2005-05-31
25,3,55574276,5.0,2005-06-19
26,3,55790523,5.0,2005-05-12
27,3,56034671,5.0,2005-08-22
28,3,21837219,4.0,2006-07-01
29,3,89330461,1.0,2005-06-28
30,3,82372706,5.0,2005-06-23
31,3,46279753,5.0,2005-05-12
32,3,72859293,5.0,2005-05-12
33,3,25658285,5.0,2005-05-03
34,7,94581961,5.0,2013-02-22
35,3,28475276,4.0,2005-05-02
36,3,66607719,5.0,2005-03-17
37,3,31263359,4.0,2005-05-24
38,3,68028129,5.0,2005-05-16
39,7,24093020,4.0,2013-01-11
40,7,33113614,5.0,2009-05-31
41,3,12933460,5.0,2005-02-14
42,3,83112089,1.0,2005-05-12
43,3,73831144,1.0,2005-06-24
44,3,73997049,1.0,2005-06-27
45,5,5843811,4.0,2010-02-15
46,3,89510889,1.0,2005-06-09
47,3,624328,1.0,2005-08-29
48,3,95783128,4.0,2005-07-27
49,3,56436637,5.0,2005-05-06
50,3,89090622,5.0,2005-05-03
51,3,84001022,1.0,2005-06-21
52,4,38085903,5.0,2008-02-04
53,5,371514,5.0,2000-04-11
54,5,12810434,5.0,2011-07-24
55,5,61727054,4.0,2010-11-17
56,8,0,5.0,2001-03-08
57,8,41015808,4.0,1999-12-20
58,9,0,4.0,1999-09-01
59,9,0,5.0,1999-08-29
60,9,94102141,4.0,2009-04-14
61,34,2927851,5.0,2012-03-04
62,10,82249727,5.0,2005-07-15
63,10,90791907,2.0,2005-03-03
64,11,38021296,5.0,2006-03-31
65,11,51411736,5.0,2006-03-30
66,11,4663892,2.0,2008-04-05
67,11,78409172,5.0,2012-08-06
68,11,87675444,5.0,2011-02-15
69,11,94223037,5.0,2006-03-28
70,11,18919651,5.0,2013-02-16
71,11,2477835,5.0,2013-01-30
72,21,27989121,1.0,2005-10-04
73,11,11398626,5.0,2011-12-08
74,11,19294655,5.0,2011-03-21
75,12,88919084,3.0,2001-02-06
76,12,0,4.0,2002-03-10
77,13,87683094,5.0,2000-02-03
78,46,0,5.0,2003-04-20
79,13,0,5.0,1999-08-17
80,13,39850326,3.0,2005-04-16
81,13,64981643,5.0,2008-11-24
82,13,0,4.0,1999-06-01
83,14,36144151,5.0,2006-03-06
84,15,11979219,5.0,2000-01-23
85,16,45990723,3.0,2004-07-21
86,16,9844522,2.0,2005-07-12
87,16,2927908,5.0,2005-10-12
88,16,0,5.0,2003-10-15
89,16,72766905,4.0,2013-01-01
90,16,57545780,5.0,2004-07-27
91,16,40507622,1.0,2008-06-24
92,17,48531781,5.0,1998-06-30
93,17,5819296,5.0,2013-01-10
94,18,51071372,5.0,2012-11-05
95,21,67374174,5.0,2003-03-24
96,19,0,5.0,2000-01-29
97,19,55741037,5.0,1999-12-21
98,19,59556863,5.0,2001-02-24
99,19,0,5.0,2004-06-19
100,19,79754031,1.0,2011-07-09
101,22,41533175,5.0,2012-07-27
102,19,76128830,5.0,2009-03-10
103,19,20434864,5.0,2005-02-08
104,19,66221190,5.0,2009-06-13
105,19,70765104,2.0,2012-10-08
106,19,44753391,5.0,2013-01-31
107,19,80441148,5.0,2008-12-09
108,19,92097777,5.0,2008-04-20
109,19,92277584,5.0,2009-06-03
110,19,74850799,5.0,2009-08-13
111,19,89002758,3.0,2009-05-09
112,19,36090875,5.0,2009-03-31
113,35,47648054,5.0,2007-11-03
114,19,60624552,3.0,2008-12-31
115,19,11570822,3.0,2012-10-31
116,19,41635456,5.0,2012-10-31
117,19,20167816,3.0,2012-09-23
118,19,62406466,5.0,2012-06-05
119,46,0,5.0,2003-04-14
120,19,20144745,4.0,2012-04-26
121,19,63730745,5.0,2012-02-03
122,19,79772065,5.0,2011-04-28
123,19,52003897,5.0,2009-08-29
124,19,51609818,3.0,2010-11-23
125,35,63870080,1.0,2005-07-25
126,19,28004692,5.0,2009-05-26
127,20,89219726,5.0,2005-01-13
128,20,96881036,5.0,2005-01-16
129,20,92294764,5.0,2005-01-10
130,21,84259469,5.0,2011-03-07
131,21,61621115,5.0,2006-09-03
132,21,26064301,5.0,2010-06-05
133,21,83565102,5.0,2008-10-25
134,21,42899448,4.0,2008-04-17
135,21,72356850,5.0,2007-06-02
136,21,0,5.0,2002-12-22
137,21,89066121,5.0,2012-11-27
138,21,15062333,5.0,2010-07-03
139,21,14097173,3.0,2008-02-08
140,21,95357114,5.0,2007-02-26
141,22,89431618,5.0,2001-04-30
142,21,52012624,4.0,2009-03-14
143,21,91559958,2.0,2008-06-09
144,21,90671262,5.0,2013-02-23
145,21,96177557,4.0,2011-04-04
146,22,21261126,5.0,2008-03-04
147,21,42293846,4.0,2004-07-23
148,21,54095579,5.0,2003-04-28
149,21,34458847,5.0,2002-06-05
150,21,94795641,5.0,2005-03-19
151,21,70545344,4.0,2002-10-04
152,21,5570334,3.0,2002-01-31
153,21,14623927,3.0,2001-12-27
154,21,0,5.0,2002-07-22
155,21,0,5.0,2002-01-25
156,21,15108008,3.0,2007-06-22
157,22,0,5.0,1998-11-10
158,22,9011800,5.0,2005-02-20
159,22,0,4.0,2001-07-28
160,22,75998151,4.0,2006-11-03
161,22,83775235,5.0,2013-02-25
162,22,88694997,4.0,2013-02-05
163,22,53000580,5.0,2013-01-20
164,22,90786826,5.0,2012-12-09
165,22,81079933,5.0,2010-02-08
166,22,85811870,5.0,2012-09-10
167,23,6382969,4.0,2002-05-03
168,23,78923503,5.0,2001-05-06
169,23,98388482,4.0,2004-01-09
170,25,44738220,5.0,2012-12-03
171,23,78923503,5.0,2001-05-06
172,23,2138024,4.0,2010-12-22
173,23,62725875,2.0,2002-02-01
174,24,36608579,5.0,2005-01-24
175,25,0,4.0,2003-08-06
176,42,14385328,4.0,2008-06-09
177,25,0,1.0,2002-01-27
178,25,32288135,1.0,2003-08-19
179,26,36612354,5.0,2005-02-13
180,27,62903013,3.0,2003-05-05
181,27,89397889,2.0,2007-10-27
182,28,39616815,5.0,2000-05-15
183,46,0,5.0,2003-04-13
184,29,87167592,5.0,2004-04-13
185,29,52031161,5.0,2008-12-17
186,29,24630003,5.0,2011-09-09
187,30,0,5.0,2000-12-12
188,30,64181503,3.0,2005-02-23
189,31,93987475,5.0,2004-10-07
190,31,94646467,5.0,2006-10-15
191,31,31242780,5.0,2007-10-22
192,31,18809027,4.0,2011-02-13
193,31,34179744,4.0,2007-05-07
194,34,0,5.0,1999-05-08
195,31,29803310,5.0,2008-07-31
196,31,6046928,5.0,2013-02-13
197,31,23735346,5.0,2012-10-22
198,31,25434383,5.0,2012-06-14
199,31,60073472,5.0,2011-10-04
200,31,52991336,5.0,2011-06-26
201,32,0,4.0,2000-10-24
202,32,99673757,5.0,2005-02-08
203,32,0,1.0,2000-02-13
204,33,1794340,3.0,2003-06-19
205,33,88008113,4.0,2008-08-04
206,34,70768276,5.0,2010-07-25
207,34,80438727,5.0,2000-11-12
208,34,67200599,5.0,2000-01-01
209,34,79538575,4.0,2010-07-22
210,34,80438727,5.0,2009-04-10
211,34,69407949,5.0,2008-11-09
212,101,0,5.0,2001-03-05
213,36,86143085,5.0,2001-09-04
214,37,61154107,4.0,2001-12-05
215,38,54095986,5.0,2003-03-26
216,38,37004643,5.0,2012-11-27
217,39,95484653,4.0,2008-04-28
218,45,0,5.0,2003-10-16
219,39,67694491,1.0,2008-11-18
220,40,4571488,5.0,2007-01-01
221,40,30606794,5.0,2000-06-05
222,40,0,5.0,2000-06-05
223,41,13102418,4.0,2009-09-27
224,42,64264956,5.0,2002-10-22
225,42,0,5.0,2003-01-04
226,42,50985674,4.0,2004-04-22
227,42,22187837,5.0,2003-01-27
228,42,64493343,5.0,2004-07-15
229,42,47164837,5.0,2003-05-17
230,45,0,5.0,2006-05-12
231,42,2284306,5.0,2002-10-22
232,42,77873750,5.0,2008-10-03
233,42,28006210,4.0,2007-01-10
234,42,52716670,5.0,2005-06-20
235,42,37106099,4.0,2008-04-15
236,42,63540485,3.0,2007-07-03
237,42,17045216,5.0,2011-05-25
238,42,17270263,3.0,2002-12-14
239,42,60780993,3.0,2005-05-22
240,42,18774899,2.0,2003-03-24
241,43,30775658,4.0,2006-08-23
242,43,21034581,4.0,2006-08-18
243,45,0,4.0,2005-10-28
244,43,20211579,5.0,2008-03-21
245,43,96321984,2.0,2007-05-11
246,43,40174703,4.0,2012-07-23
247,44,72751786,4.0,1999-08-30
248,44,0,4.0,1998-04-22
249,44,0,4.0,2001-02-25
250,44,40268500,3.0,2011-07-10
251,44,0,5.0,1999-04-30
252,44,97193577,5.0,2003-01-11
253,45,39332132,4.0,2006-04-11
254,45,69940035,5.0,2012-07-20
255,45,29591549,4.0,2008-04-17
256,45,46676220,4.0,2008-04-17
257,45,80315575,5.0,2003-11-06
258,45,59560329,5.0,2006-01-10
259,46,52042359,5.0,2003-04-27
260,45,0,5.0,2003-12-07
261,45,0,5.0,2005-06-08
262,45,0,4.0,2005-10-28
263,45,0,5.0,2004-03-05
264,45,56075348,5.0,2006-06-14
265,45,0,3.0,2004-03-14
266,46,25994353,5.0,2003-03-18
267,46,0,5.0,2003-08-11
268,46,56094564,5.0,2005-10-11
269,46,54303477,5.0,2003-08-05
270,46,62409756,5.0,2003-03-23
271,46,13918795,5.0,2003-03-10
272,46,40232655,5.0,2003-03-06
273,47,76830995,4.0,2009-10-11
274,50,86635412,4.0,2012-12-28
275,47,59716869,5.0,2009-03-17
276,47,85108286,5.0,2007-10-04
277,47,34307918,5.0,2013-02-01
278,47,6904910,5.0,2012-12-29
279,47,87183402,4.0,2012-12-16
280,47,86062510,2.0,2012-12-10
281,47,40700102,4.0,2008-07-03
282,47,4374248,1.0,2011-01-13
283,47,39170213,5.0,1999-04-24
284,47,41739006,5.0,2001-09-19
285,47,33790542,5.0,2005-10-11
286,47,7349281,5.0,2006-03-10
287,47,81125199,5.0,2007-04-01
288,47,92109780,5.0,2008-12-28
289,47,89977424,5.0,2005-08-08
290,47,20300884,1.0,2012-11-11
291,47,85614846,4.0,2008-03-26
292,47,58402338,4.0,2009-12-05
293,48,39113974,4.0,2008-01-03
294,49,40263190,5.0,2000-05-14
295,68,73439267,5.0,2000-02-07
296,49,0,5.0,1998-04-16
297,50,23924493,4.0,2000-04-21
298,50,99986059,5.0,2001-08-28
299,50,79212415,2.0,2004-01-23
300,50,10658046,5.0,2013-02-05
301,50,55613880,5.0,2013-01-15
302,89,0,5.0,1999-03-11
303,50,96227630,5.0,2012-12-26
304,50,21344113,4.0,2011-01-12
305,51,27633809,4.0,2009-11-26
306,52,72083749,1.0,2004-10-04
307,53,23503998,5.0,2000-03-20
308,53,71530662,5.0,1999-11-29
309,53,44424096,3.0,2012-12-23
310,53,17408124,4.0,2012-08-08
311,54,70881527,5.0,2000-01-15
312,54,45176751,5.0,2000-09-09
313,54,30829756,5.0,2004-05-07
314,54,85016192,5.0,2006-11-02
315,55,99219380,4.0,2013-02-18
316,54,70478220,1.0,2003-05-24
317,54,30788375,4.0,2007-09-01
318,54,34119,4.0,2012-05-29
319,54,42208622,3.0,2007-11-06
320,54,34704049,4.0,2007-05-12
321,54,0,1.0,2004-03-12
322,89,39941857,4.0,2000-08-06
323,56,56290873,5.0,2008-02-16
324,57,44609002,2.0,2000-11-19
325,57,0,1.0,2003-12-21
326,58,60403601,4.0,2007-04-17
327,58,722377,5.0,2006-11-03
328,89,98767596,3.0,2003-01-31
329,58,0,5.0,1999-03-15
330,58,63912737,5.0,2010-12-27
331,58,35812422,5.0,2013-01-09
332,58,36244364,5.0,2012-12-25
333,58,67497172,5.0,2012-12-19
334,59,0,4.0,1999-04-29
335,59,91319835,5.0,2011-03-18
336,60,80304041,3.0,2005-01-25
337,61,0,5.0,2000-02-11
338,61,0,5.0,2000-05-08
339,61,59422414,5.0,2002-11-05
340,61,0,4.0,2002-11-06
341,61,76920707,4.0,2005-11-15
342,89,15961690,4.0,2002-12-09
343,61,54614809,4.0,2000-03-10
344,62,41790606,4.0,2003-01-18
345,62,15730055,5.0,2002-12-29
346,62,14395302,5.0,2006-08-01
347,62,22458561,5.0,2006-11-01
348,62,87167592,5.0,2006-10-15
349,63,97246497,5.0,2006-08-31
350,62,78989629,5.0,2006-09-08
351,62,60947592,5.0,2006-08-05
352,62,66549143,5.0,2011-07-18
353,62,25366183,5.0,2007-06-27
354,62,62797319,5.0,2006-08-03
355,62,52502252,2.0,2010-10-07
356,62,19623868,5.0,2006-08-06
357,63,35994732,5.0,2006-05-25
358,63,80683624,2.0,2007-10-25
359,63,71527995,1.0,2006-08-10
360,63,92187348,1.0,2006-03-15
361,64,20210052,4.0,2010-04-26
362,64,10637452,5.0,2009-04-16
363,64,85516042,5.0,1998-10-11
364,64,35350041,1.0,2010-09-12
365,64,0,4.0,1999-09-21
366,64,0,5.0,2000-05-25
367,64,0,3.0,1999-07-19
368,64,76317487,3.0,1999-10-21
369,64,50379815,4.0,2004-05-16
370,64,0,5.0,1999-06-17
371,64,0,5.0,1998-06-23
372,64,0,3.0,1999-05-22
373,64,0,5.0,1999-04-19
374,64,27293102,4.0,2012-10-27
375,65,81401475,5.0,2003-02-03
376,66,0,5.0,1999-07-11
377,66,90791907,5.0,2007-12-16
378,66,99253888,4.0,2012-08-27
379,67,80438727,4.0,2004-07-27
380,67,0,4.0,2000-03-08
381,67,78011934,5.0,2000-08-05
382,67,91048432,5.0,2010-06-25
383,67,66113038,5.0,2012-04-15
384,67,40629660,5.0,2005-09-21
385,67,22425957,5.0,2008-10-23
386,67,59124869,5.0,2008-04-11
387,67,88687669,5.0,2009-02-04
388,67,6028963,5.0,2007-01-21
389,67,77849632,4.0,2012-08-21
390,69,49999304,5.0,2006-08-29
391,70,90404581,5.0,2001-09-21
392,70,0,4.0,2003-11-30
393,71,65193083,5.0,2007-09-04
394,72,90582484,5.0,2006-04-14
395,72,87665465,4.0,2011-07-13
396,72,90582484,5.0,2006-04-14
397,72,87665465,4.0,2011-07-13
398,72,90582484,5.0,2006-04-14
399,72,87665465,4.0,2011-07-13
400,73,45792441,5.0,2004-02-11
401,73,0,5.0,1998-01-19
402,73,0,5.0,2003-01-31
403,73,0,3.0,2000-06-08
404,73,39131073,1.0,2007-04-28
405,73,0,5.0,1998-03-15
406,73,0,5.0,1998-03-05
407,73,90232777,5.0,1998-02-09
408,73,0,5.0,1998-01-16
409,73,0,5.0,1998-01-14
410,73,0,5.0,1998-01-11
411,73,0,5.0,1998-01-11
412,73,0,5.0,1998-01-10
413,73,0,5.0,1997-11-26
414,73,0,5.0,1998-09-13
415,89,57785478,5.0,2000-01-28
416,73,0,5.0,1997-09-28
417,73,0,5.0,1997-09-16
418,73,0,5.0,2003-03-14
419,73,0,5.0,1999-11-24
420,73,64199040,5.0,2002-12-12
421,73,62674814,5.0,2012-09-18
422,73,45704434,3.0,2010-06-15
423,73,98001845,1.0,2009-12-13
424,73,8074505,5.0,2009-09-27
425,73,0,5.0,1998-07-16
426,73,0,5.0,1998-07-15
427,73,0,5.0,1998-07-07
428,73,0,5.0,1998-06-18
429,73,0,5.0,1998-06-16
430,73,0,5.0,1998-06-14
431,73,0,5.0,1998-06-11
432,73,0,5.0,1998-05-24
433,73,0,5.0,1998-05-24
434,73,0,5.0,1998-05-18
435,73,0,5.0,1997-11-13
436,73,0,5.0,1997-11-07
437,73,83054702,5.0,1997-11-05
438,73,10054028,4.0,2008-01-12
439,73,0,5.0,1997-11-04
440,73,0,5.0,1997-11-04
441,73,0,5.0,1997-10-30
442,73,0,5.0,1997-10-19
443,73,0,5.0,1997-10-12
444,73,0,5.0,1997-09-30
445,73,0,5.0,1997-09-07
446,73,0,4.0,1998-05-12
447,73,0,5.0,1998-05-08
448,73,7316373,5.0,1998-04-12
449,73,0,5.0,1998-04-11
450,73,0,5.0,1998-04-07
451,73,9951705,5.0,1998-04-04
452,73,0,5.0,1998-03-22
453,73,0,5.0,1998-03-18
454,73,0,5.0,1998-03-16
455,73,0,3.0,1998-03-16
456,73,24963650,4.0,2009-06-23
457,73,72149475,4.0,2008-04-24
458,73,68920009,5.0,2006-04-03
459,73,51716288,5.0,2005-06-24
460,73,72757044,4.0,2002-04-29
461,73,80589441,5.0,2000-07-27
462,73,64315027,5.0,2000-07-14
463,73,0,5.0,2000-01-19
464,73,0,5.0,2000-01-09
465,101,0,2.0,2001-03-28
466,73,55233350,5.0,2000-01-07
467,73,0,5.0,2000-06-20
468,73,74196107,5.0,1999-10-08
469,73,32916352,5.0,2002-06-02
470,73,0,5.0,1997-07-29
471,73,41274074,3.0,2002-04-17
472,73,28730454,4.0,2011-11-29
473,73,26874497,5.0,2003-01-13
474,73,23406567,5.0,2002-03-14
475,73,3166387,5.0,2002-01-03
476,73,0,5.0,1997-06-01
477,73,0,5.0,1997-02-07
478,73,0,4.0,1996-08-07
479,73,88851743,4.0,2002-05-02
480,73,0,4.0,2001-04-19
481,73,0,5.0,1999-11-16
482,73,0,5.0,1998-11-01
483,73,0,5.0,1997-10-07
484,73,14187630,5.0,2002-11-25
485,73,93055422,3.0,1998-04-04
486,73,0,5.0,1998-12-29
487,73,55232885,5.0,1998-12-04
488,73,0,5.0,1998-10-13
489,73,0,5.0,1998-10-11
490,73,0,5.0,1998-09-18
491,73,0,5.0,1998-09-05
492,73,0,4.0,1998-09-03
493,73,0,5.0,1998-08-28
494,73,0,5.0,1998-08-23
495,73,0,4.0,1998-07-26
496,73,0,5.0,1998-03-15
497,73,64378661,5.0,1998-12-11
498,73,0,5.0,1998-09-02
499,73,0,5.0,1998-08-22
500,73,0,5.0,1998-08-07
501,73,0,5.0,1998-07-18
502,73,0,5.0,1998-06-25
503,73,40536266,5.0,1998-01-10
504,73,0,5.0,1997-12-23
505,73,0,5.0,1997-11-22
506,73,0,5.0,1997-08-14
507,73,0,5.0,1997-07-23
508,73,0,5.0,1997-07-20
509,73,0,5.0,1997-07-13
510,73,0,5.0,1997-07-07
511,73,0,5.0,1997-07-01
512,73,0,5.0,1997-07-01
513,73,0,5.0,1997-06-24
514,73,0,5.0,1997-06-14
515,73,0,5.0,1997-06-07
516,73,0,5.0,1999-08-03
517,73,0,5.0,1999-07-03
518,73,90753962,5.0,1999-06-18
519,73,0,5.0,1999-05-28
520,73,0,5.0,1999-05-27
521,73,0,5.0,1999-05-22
522,73,0,5.0,1999-05-21
523,73,0,5.0,1999-05-07
524,73,0,4.0,1999-04-18
525,73,0,5.0,1999-01-13
526,73,251065,5.0,2001-11-10
527,73,79617949,5.0,2001-07-01
528,73,0,5.0,1999-04-25
529,73,81317237,5.0,2001-03-08
530,73,0,5.0,2000-01-22
531,73,0,5.0,1999-11-02
532,73,0,4.0,1999-10-29
533,73,0,5.0,1999-08-13
534,73,0,5.0,1999-05-14
535,73,0,5.0,1998-12-29
536,74,78153170,5.0,2000-07-05
537,74,0,2.0,2003-02-03
538,74,44265295,2.0,2005-01-01
539,74,0,4.0,2003-08-07
540,75,0,2.0,2002-08-10
541,75,0,5.0,1998-07-13
542,75,18151965,5.0,2000-12-18
543,75,63420664,5.0,2008-04-02
544,75,77154251,5.0,2013-01-26
545,75,89215956,4.0,2012-09-22
546,75,75120916,4.0,2003-10-20
547,75,89215956,4.0,2012-09-22
548,75,0,2.0,2002-08-10
549,75,0,2.0,2002-09-03
550,75,0,5.0,1998-07-13
551,75,18151965,5.0,2000-12-18
552,75,63420664,5.0,2008-04-02
553,75,77154251,5.0,2013-01-26
554,75,75120916,4.0,2003-10-20
555,75,0,2.0,2002-08-10
556,75,0,2.0,2002-08-10
557,75,0,2.0,2002-09-03
558,76,94345885,5.0,2005-08-21
559,76,40421584,3.0,2007-08-29
560,76,99258202,4.0,1999-02-10
561,76,40346497,4.0,2002-02-28
562,76,0,5.0,1999-07-08
563,76,41227550,3.0,2004-03-10
564,76,0,1.0,1998-07-09
565,76,45782225,4.0,2003-08-26
566,89,76675845,5.0,2001-02-12
567,76,50488673,4.0,2002-09-11
568,76,0,4.0,1998-07-31
569,76,0,5.0,1997-06-04
570,76,21534038,1.0,2008-07-24
571,76,55469604,5.0,2002-02-20
572,76,61375018,4.0,2001-02-02
573,76,0,4.0,1998-02-11
574,76,41227550,3.0,2004-03-10
575,76,0,1.0,1998-07-09
576,76,45782225,4.0,2003-08-26
577,76,50488673,4.0,2002-09-11
578,76,0,4.0,1998-07-31
579,76,0,5.0,1997-06-04
580,76,21534038,1.0,2008-07-24
581,76,55469604,5.0,2002-02-20
582,76,61375018,4.0,2001-02-02
583,76,0,4.0,1998-02-11
584,77,0,4.0,1999-04-18
585,79,0,1.0,2000-05-08
586,78,87167592,5.0,2000-06-06
587,78,23187782,1.0,2009-06-06
588,79,91646901,5.0,2005-01-21
589,79,1214411,5.0,2010-11-24
590,79,26574746,5.0,2003-10-10
591,79,83262144,3.0,2002-07-04
592,80,25723326,5.0,2000-07-29
593,80,3113116,5.0,2006-01-08
594,81,58009432,5.0,2003-10-19
595,82,11911507,5.0,2012-12-16
596,82,60679938,5.0,2010-09-26
597,82,55694837,4.0,2010-03-27
598,82,47669599,5.0,2009-11-07
599,82,92785136,4.0,2009-05-01
600,82,52912430,4.0,2009-02-28
601,82,41626996,3.0,2008-06-27
602,82,27939945,5.0,2006-03-04
603,82,17882484,4.0,2005-07-20
604,82,90010833,4.0,2005-06-29
605,82,15318734,4.0,2007-09-24
606,82,68707876,5.0,2006-07-12
607,82,76257393,5.0,2006-07-01
608,82,9550361,5.0,2005-08-21
609,82,70960499,5.0,2004-08-27
610,82,45143722,4.0,2004-07-25
611,82,44393925,5.0,2007-04-13
612,82,65850530,4.0,2004-10-22
613,89,21630515,5.0,1999-09-13
614,82,9319277,4.0,2013-01-28
615,82,84779742,5.0,2013-01-09
616,82,57068631,4.0,2005-03-24
617,82,90046915,4.0,2005-01-05
618,82,24989508,1.0,2005-09-26
619,82,78697294,5.0,2004-10-04
620,82,17720403,3.0,2005-11-28
621,82,68560909,5.0,2004-08-12
622,82,37572043,2.0,2005-01-03
623,89,0,5.0,1999-07-13
624,82,36821804,3.0,2005-01-05
625,82,77546862,1.0,2004-10-03
626,82,47033032,5.0,2005-09-01
627,82,86152278,5.0,2004-08-16
628,82,59696226,5.0,2005-03-08
629,101,92333654,4.0,2012-11-06
630,82,72980862,4.0,2006-07-15
631,82,63434326,4.0,2005-08-07
632,82,13120750,5.0,2005-11-30
633,82,1398391,2.0,2010-06-17
634,82,13675818,2.0,2008-04-21
635,82,88319787,5.0,2006-03-09
636,82,80234322,5.0,2005-09-30
637,83,51168905,4.0,2004-12-31
638,83,98414500,4.0,2011-01-02
639,84,97008874,5.0,2000-09-30
640,86,24197686,4.0,2011-03-28
641,84,31066059,2.0,2000-02-02
642,84,0,2.0,2000-02-02
643,85,54734424,4.0,2013-01-27
644,86,25131702,5.0,2008-06-30
645,86,31798258,5.0,2008-12-05
646,87,55740676,4.0,2001-07-07
647,86,42521772,5.0,2006-08-18
648,86,5200759,5.0,2010-08-20
649,86,36234567,5.0,2009-08-05
650,86,1837952,5.0,2011-02-28
651,89,0,5.0,1999-02-24
652,86,21303185,4.0,2013-02-27
653,86,23359949,5.0,2013-01-13
654,86,1357866,5.0,2012-12-20
655,86,29073002,5.0,2012-12-17
656,86,55337707,5.0,2012-10-25
657,89,0,5.0,1998-11-19
658,86,39460077,5.0,2012-08-23
659,86,99975175,5.0,2012-03-19
660,86,21525610,5.0,2011-01-17
661,86,76784507,5.0,2010-08-28
662,86,84827364,5.0,2010-06-24
663,87,58504874,5.0,2000-06-16
664,87,62404819,4.0,2008-03-11
665,87,84356193,5.0,2009-11-04
666,87,69609505,5.0,2011-04-01
667,87,19052810,5.0,2010-05-26
668,87,48769345,5.0,2009-10-13
669,87,63299827,3.0,2007-08-04
670,87,21750456,1.0,2012-04-24
671,87,8179429,3.0,2006-07-25
672,88,51218124,5.0,2001-03-20
673,88,82689084,5.0,2009-08-25
674,89,13412624,5.0,2001-10-12
675,89,97617644,5.0,2000-10-28
676,89,59604104,4.0,2000-10-04
677,89,0,5.0,1999-08-30
678,89,0,5.0,1999-08-17
679,89,0,5.0,1999-06-28
680,89,0,5.0,1999-03-02
681,89,30554348,2.0,1999-08-27
682,89,43973016,5.0,2003-01-04
683,89,0,4.0,2002-12-07
684,89,83922936,5.0,2002-09-02
685,89,99927677,5.0,2002-06-06
686,89,75502598,5.0,2002-03-21
687,89,0,5.0,1999-06-24
688,89,59274684,4.0,1999-07-23
689,89,0,5.0,1999-03-02
690,89,0,4.0,2001-01-12
691,89,0,5.0,2002-10-28
692,89,43821550,5.0,2000-01-31
693,89,0,5.0,1999-11-14
694,89,0,5.0,1999-05-17
695,89,98365956,5.0,2000-07-07
696,89,63150270,4.0,2000-01-12
697,89,0,5.0,1999-03-09
698,89,0,3.0,2000-08-13
699,89,7281374,5.0,2000-05-03
700,89,0,5.0,1999-09-01
701,89,11810054,4.0,2001-05-31
702,89,32946644,5.0,1998-09-07
703,89,16511765,5.0,2000-04-13
704,89,0,5.0,2003-03-03
705,89,0,5.0,2003-03-03
706,89,24407052,4.0,2002-05-20
707,89,0,5.0,2001-09-26
708,89,95534943,5.0,2001-11-13
709,89,70187351,1.0,2000-04-19
710,89,0,5.0,1998-08-03
711,89,82764519,5.0,2001-08-15
712,89,28309207,5.0,2000-04-09
713,89,34655957,3.0,2002-08-13
714,89,19042090,3.0,2003-01-09
715,89,32976087,5.0,2003-01-06
716,89,11722041,5.0,2002-01-02
717,89,11810054,5.0,2001-05-09
718,89,61583839,3.0,2001-03-31
719,90,35165231,5.0,2005-10-30
720,91,25913786,5.0,2002-08-04
721,92,81289014,4.0,2008-06-06
722,92,88640312,4.0,2007-05-01
723,92,45728941,4.0,2010-05-24
724,93,31521947,3.0,2000-08-07
725,94,42252728,5.0,2006-05-22
726,94,83205405,5.0,2006-01-07
727,94,31140011,5.0,2008-03-29
728,95,28343687,5.0,2004-12-21
729,95,72302751,4.0,2006-07-05
730,96,253,5.0,2003-06-05
731,96,32617443,5.0,2001-07-15
732,96,2194424,5.0,2006-04-07
733,96,30950042,5.0,1997-11-01
734,98,90127257,5.0,2012-12-15
735,96,10057661,5.0,2006-02-10
736,96,56504141,5.0,2010-05-12
737,96,56459855,5.0,2012-11-05
738,96,26245511,2.0,2012-02-21
739,98,90333149,3.0,2012-05-29
740,96,36283929,5.0,2011-08-04
741,96,42665139,5.0,2010-08-16
742,96,64076450,4.0,2001-01-11
743,97,20705001,5.0,2006-02-28
744,97,60681272,4.0,2001-02-24
745,98,46460686,5.0,2009-12-07
746,98,93370400,5.0,2012-01-07
747,98,86023297,4.0,2010-12-22
748,98,2580039,4.0,2011-01-04
749,98,2036825,5.0,2012-04-19
750,98,91550937,5.0,2007-04-02
751,101,50998265,5.0,2001-03-20
752,99,19351275,1.0,2004-02-27
753,100,70618891,4.0,2005-11-07
754,100,85320454,1.0,2010-04-06
755,100,98208272,5.0,2010-06-05
756,100,25726035,5.0,2008-05-11
757,100,85864933,2.0,2008-06-23
758,101,0,4.0,2001-04-07
759,101,78317915,4.0,2001-03-20
760,101,40187557,5.0,2001-03-14
761,101,81724011,5.0,2001-03-10
762,101,33178279,4.0,2001-03-10
763,101,33178279,4.0,2001-03-10
764,101,62293536,4.0,2001-03-08
765,101,0,2.0,2001-03-14
766,101,7450551,3.0,2004-12-16
767,101,67711856,5.0,2002-05-03
768,101,92433919,5.0,2002-02-07
769,101,55748230,3.0,2001-07-09
770,101,56304949,2.0,2001-06-30
771,101,71653335,5.0,2001-05-17
772,101,17686558,5.0,2013-02-23
773,101,65907995,5.0,2013-02-01
774,101,36792090,5.0,2012-11-24
775,101,48580490,5.0,2012-11-24
776,101,22675493,5.0,2012-10-18
777,101,72016800,4.0,2012-10-13
778,101,41177001,5.0,2012-09-21
779,101,1735630,5.0,2012-09-06
780,101,79396276,5.0,2012-09-01
781,101,50820802,5.0,2012-08-08
782,101,44400850,5.0,2012-07-10
783,101,22527221,5.0,2012-04-18
784,101,1288119,4.0,2002-01-12
785,101,61755800,5.0,2009-04-24
786,101,88319529,4.0,2001-03-15
787,101,74294018,4.0,2002-01-27
788,101,49297081,5.0,2001-03-07
789,101,16787064,5.0,2001-03-14
790,101,82177918,5.0,2001-03-21
791,101,88566641,5.0,2001-08-08
792,101,99715105,4.0,2005-08-17
793,101,16610419,4.0,2001-03-22
794,101,96254447,4.0,2001-03-17
795,101,2498475,3.0,2005-07-14
796,101,71921065,4.0,2006-03-25
797,101,70820026,2.0,2001-09-05
798,101,0,3.0,2001-05-26
799,101,48937747,5.0,2009-04-09
800,101,4136212,1.0,2004-11-11
801,101,96994393,2.0,2001-03-15
802,101,8362250,2.0,2002-09-24
803,101,18468372,4.0,2002-01-17
804,101,98345309,3.0,2001-07-08
805,101,85517888,5.0,2001-06-02
806,101,20970704,5.0,2007-08-01
807,101,94905536,3.0,2001-12-31
808,101,94652399,5.0,2007-05-24
809,101,3543016,5.0,2007-02-19
810,101,83971642,3.0,2007-01-02
811,101,20761989,5.0,2004-12-05
812,101,94905536,3.0,2001-12-31
813,101,69614887,4.0,2001-09-01
814,101,67263964,5.0,2008-06-01
815,101,6013392,2.0,2001-07-10
816,101,65665130,4.0,2001-05-23
817,101,12903587,5.0,2001-04-27
818,101,51422920,5.0,2001-04-06
819,101,36253582,5.0,2001-09-05
820,101,79526893,5.0,2001-04-01
821,101,88366738,4.0,2009-07-16
822,101,0,5.0,2003-01-19
823,101,18972416,5.0,2001-06-01
824,101,0,4.0,2001-05-03
825,101,29879771,3.0,2001-03-22
826,101,40187557,5.0,2001-03-13
827,101,3492292,5.0,2001-03-30
828,101,0,4.0,2001-03-14
829,101,32770193,4.0,2005-07-22
830,101,61461826,2.0,2008-10-16
831,101,15344552,5.0,2006-03-06
832,101,94368151,5.0,2001-03-07
833,101,54171209,1.0,2009-03-20
834,101,32676536,5.0,2012-04-13
835,101,15371317,5.0,2012-03-08
836,101,5954923,5.0,2011-10-08
837,101,51218122,5.0,2011-02-14
838,101,56421963,5.0,2009-06-07
839,101,31904246,5.0,2009-05-08
840,101,90358079,5.0,2007-08-05
841,101,55971888,5.0,2003-02-20
842,101,86012912,5.0,2001-03-26
843,101,61154107,5.0,2001-04-14
844,101,33370519,5.0,2004-04-28
845,101,15742699,5.0,2003-02-19
846,101,58239903,3.0,2001-04-23
847,101,31179758,2.0,2001-03-06
848,101,62495327,3.0,2001-10-22
849,101,30773489,3.0,2001-03-12
850,101,69343851,2.0,2001-10-16
851,102,41244976,5.0,2012-07-28
852,103,96218659,3.0,2000-02-07
853,106,49556331,4.0,2010-12-27
854,104,95847531,5.0,1999-11-08
855,104,11287084,5.0,2011-07-14
856,104,58507651,5.0,2008-08-27
857,105,1381253,4.0,2008-07-07
858,105,4100882,4.0,2005-11-23
859,105,95531245,5.0,2009-09-12
860,106,61408090,5.0,2010-09-23
861,106,37071295,3.0,2010-06-26
862,106,17756464,5.0,2010-06-07
863,106,19154278,3.0,2010-05-14
864,106,51115082,3.0,2000-11-10
865,106,45702885,5.0,2009-12-13
866,106,19705843,4.0,2009-08-31
867,106,48990246,5.0,2009-06-07
868,106,89520747,4.0,2009-02-25
869,106,0,4.0,1997-07-16
870,106,19912957,5.0,2009-02-17
871,106,0,5.0,2003-05-03
872,106,63662884,4.0,2002-08-30
873,106,46192320,3.0,2001-06-24
874,106,11154365,4.0,2000-03-31
875,106,0,5.0,1999-07-17
876,106,22467649,3.0,1999-02-13
877,106,48002235,3.0,2002-12-16
878,106,86012912,5.0,2005-12-05
879,106,92505048,4.0,2005-08-12
880,106,0,4.0,1997-05-13
881,106,0,5.0,1997-04-26
882,106,0,5.0,1997-03-15
883,106,0,5.0,1996-12-18
884,106,17017963,1.0,2000-05-30
885,106,51548677,4.0,2005-04-29
886,106,41189811,4.0,2004-04-19
887,106,84128894,4.0,2004-04-19
888,106,0,4.0,1997-07-15
889,106,6309530,4.0,2004-01-06
890,106,0,5.0,2003-12-04
891,106,60123224,5.0,2012-09-23
892,106,14036410,4.0,2012-09-21
893,106,26527778,4.0,2012-09-17
894,106,10249474,4.0,2012-09-06
895,106,80093141,5.0,2012-08-17
896,106,95403897,5.0,2012-03-17
897,106,87725580,4.0,2012-03-02
898,106,91831928,3.0,2011-05-25
899,106,5530210,4.0,2011-03-30
900,106,24462691,1.0,2011-02-27
901,106,62866325,3.0,2005-02-23
902,106,46204681,4.0,2004-03-09
903,106,20016154,4.0,2007-05-28
904,106,36191407,4.0,2003-10-15
905,106,40829434,4.0,2008-03-16
906,106,22803044,4.0,2000-01-24
907,106,62561437,2.0,2009-02-27
908,106,9531036,3.0,2008-09-14
909,106,61737384,3.0,2008-01-06
910,106,91941618,5.0,2003-09-04
911,106,0,5.0,1998-04-23
912,106,9011020,5.0,1998-03-31
913,106,62327560,5.0,1998-03-21
914,106,0,5.0,1998-01-30
915,106,0,4.0,1997-12-06
916,106,70555068,4.0,1997-08-21
917,106,0,5.0,1997-08-08
918,106,0,4.0,1997-07-30
919,106,0,5.0,1997-07-08
920,106,58980563,2.0,2000-07-30
921,106,0,5.0,1999-10-05
922,106,0,5.0,1999-07-17
923,106,11482440,4.0,2013-02-18
924,106,76145590,4.0,2013-02-11
925,106,13195166,5.0,2013-02-06
926,106,95191099,5.0,2013-01-22
927,106,35225053,4.0,2013-01-20
928,106,24605828,5.0,2013-01-17
929,106,6144384,5.0,2001-11-03
930,106,6265134,5.0,2001-04-13
931,106,0,5.0,1999-06-16
932,106,23797602,1.0,2005-11-23
933,106,66545205,4.0,2004-03-29
934,106,36720721,1.0,2009-09-04
935,106,68905406,4.0,2005-12-01
936,106,77897024,4.0,2005-03-27
937,106,0,3.0,2001-06-07
938,106,54396255,5.0,2005-08-22
939,106,82055844,3.0,2008-12-24
940,106,82447521,3.0,2008-12-13
941,106,5823941,3.0,2008-11-10
942,106,94213419,5.0,2008-08-18
943,106,36142123,5.0,2008-01-11
944,106,26764594,4.0,2007-12-31
945,106,93906598,4.0,2004-01-27
946,106,75284875,4.0,2000-07-26
947,106,0,3.0,1999-07-19
948,106,0,5.0,1999-06-11
949,106,0,4.0,1999-06-02
950,106,0,5.0,1999-04-28
951,106,0,5.0,1999-01-15
952,106,49774939,4.0,2000-03-18
953,106,0,5.0,1998-12-06
954,106,60934133,5.0,1998-08-13
955,106,0,5.0,1998-07-30
956,106,25268865,5.0,1998-06-23
957,107,97208596,5.0,2006-06-01
958,106,83181568,5.0,1998-06-13
959,106,0,5.0,1998-05-21
960,106,0,5.0,1998-05-03
961,106,90476529,5.0,2012-12-31
962,107,58261374,3.0,2012-09-19
963,106,87472854,5.0,2012-12-22
964,106,30386615,4.0,2012-12-21
965,106,89561617,5.0,2012-12-07
966,106,43128146,4.0,2012-12-03
967,111,62794006,4.0,2006-01-15
968,106,87182659,5.0,2012-11-12
969,106,9411669,4.0,2012-10-30
970,106,46447011,5.0,2012-10-23
971,106,98238076,5.0,2012-10-15
972,111,9212612,5.0,2010-07-03
973,106,13360666,5.0,2012-10-05
974,106,43988918,3.0,2000-09-17
975,106,70367321,2.0,2001-11-02
976,106,84205776,5.0,2000-04-02
977,106,77312162,3.0,2005-05-03
978,106,41787662,3.0,2000-07-26
979,106,69219706,2.0,2007-04-15
980,106,84666578,5.0,2003-01-03
981,106,0,2.0,1999-02-12
982,106,9161821,4.0,2001-08-17
983,106,0,4.0,2001-07-06
984,106,31285149,5.0,2005-10-27
985,106,29808428,5.0,2002-01-24
986,106,94669560,4.0,2002-09-01
987,107,67736976,5.0,2007-07-11
988,108,36448380,4.0,2000-05-26
989,109,37158607,2.0,2000-10-01
990,109,0,4.0,2000-04-22
991,110,45687005,5.0,2002-06-06
992,110,69188438,5.0,1999-12-02
993,110,69188438,5.0,1999-12-02
994,111,900792,5.0,2009-10-09
995,111,41653961,5.0,2009-09-24
996,111,64986732,5.0,2009-05-11
997,111,89522112,4.0,2008-09-15
998,111,55381396,5.0,2008-08-26
999,111,46248052,5.0,2008-06-27
